{
    "PACIENTES":[
        {
            "PutRequest": {
                "Item": {
                    "data_nascimento": {
                        "S": "1984-01-01"
                    },
                    "email": {
                        "S": "humberto@email.com"
                    },
                    "nome":{
                        "S": "Humberto"
                    },
                    "paciente_id": {
                        "S": "1234-abc"
                    },
                    "status":{
                        "BOOL": true
                    },
                    "telefone":{
                        "S": "11999995555"
                    }
                }
            }    
        },
        {
            "PutRequest": {
                "Item": {
                    "data_nascimento": {
                        "S": "1984-06-02"
                    },
                    "email": {
                        "S": "pedro@email.com"
                    },
                    "nome":{
                        "S": "Pedro"
                    },
                    "paciente_id": {
                        "S": "1234-def"
                    },
                    "status":{
                      "BOOL" : true
                    },
                    "telefone":{
                        "S": "11999995520"
                    }
                }
            } 
        }      
    ]
}